run_id,prompt_id,condition,repetition_id,timestamp,model_name,prompt_text,full_output_text,token_count,total_marker_score,delta_p0,cosine_similarity,perplexity,error_flag,notes,finish_reason,marker_counts_by_category,marker_counts
p01__control__rep1,p01,control,1,2026-03-21T16:37:34.689472+00:00,gpt-4.1-mini,"Напиши краткое академическое объяснение того, почему строгая формализация метрик важна для исследований управляемой генерации текста.","Строгая формализация метрик в исследованиях управляемой генерации текста играет ключевую роль, поскольку она обеспечивает объективную и воспроизводимую оценку качества и релевантности сгенерированного контента. Без четко определённых метрик сложно сравнивать результаты различных моделей и алгоритмов, что затрудняет выявление эффективных подходов и их дальнейшее совершенствование. Формализация также способствует выявлению слабых мест в моделях, позволяя исследователям систематически улучшать генерацию с учётом конкретных критериев, таких как когерентность, разнообразие и соответствие заданным параметрам. Таким образом, строгие метрики являются фундаментом для научного прогресса в области управляемой генерации текста, обеспечивая прозрачность и надёж",86,0.011627906976744186,-0.000138,1.0,134.994925,False,generation_approach=segment_approximation | segment=full:bias=off | delta_p0_mode=text_frequency_proxy | similarity_method=token_count_cosine | perplexity_method=control_bigram_proxy,length,"{""anglocentric_formulas"": {""count"": 0, ""normalized"": 0.0}, ""argument_development"": {""count"": 0, ""normalized"": 0.0}, ""hedging_epistemic"": {""count"": 0, ""normalized"": 0.0}, ""intensification_assertiveness"": {""count"": 0, ""normalized"": 0.0}, ""logical_structuring"": {""count"": 1, ""normalized"": 0.011627906976744186}}","{""таким образом"": 1}"
p01__control__rep2,p01,control,2,2026-03-21T16:37:38.364236+00:00,gpt-4.1-mini,"Напиши краткое академическое объяснение того, почему строгая формализация метрик важна для исследований управляемой генерации текста.","Строгая формализация метрик в исследованиях управляемой генерации текста является ключевым элементом для объективной оценки качества и эффективности моделей. Без четко определённых и формализованных метрик сложно сравнивать различные подходы, что затрудняет выявление наиболее успешных методов и их дальнейшее совершенствование. Формализация позволяет обеспечить воспроизводимость экспериментов и минимизировать субъективность в интерпретации результатов, что особенно важно в области, где генерация текста может иметь множество аспектов, таких как когерентность, релевантность и стилистическая согласованность. Таким образом, строгие метрики способствуют систематическому развитию технологий и повышению надёжности выводов в управляемой генерации текста.",84,0.011904761904761904,0.000138,1.0,136.685966,False,generation_approach=segment_approximation | segment=full:bias=off | delta_p0_mode=text_frequency_proxy | similarity_method=token_count_cosine | perplexity_method=control_bigram_proxy,stop,"{""anglocentric_formulas"": {""count"": 0, ""normalized"": 0.0}, ""argument_development"": {""count"": 0, ""normalized"": 0.0}, ""hedging_epistemic"": {""count"": 0, ""normalized"": 0.0}, ""intensification_assertiveness"": {""count"": 0, ""normalized"": 0.0}, ""logical_structuring"": {""count"": 1, ""normalized"": 0.011904761904761904}}","{""таким образом"": 1}"
p01__early__rep1,p01,early,1,2026-03-21T16:37:41.659310+00:00,gpt-4.1-mini,"Напиши краткое академическое объяснение того, почему строгая формализация метрик важна для исследований управляемой генерации текста.","Строгая формализация метрик в исследованиях управляемой генерации текста играет ключевую роль, поскольку обеспечивает объективную и воспроизводимую оценку качества моделей. Без четко определБез четко определённых критериев оценивания невозможно адекватно сравнивать различные методы и алгоритмы, что затрудняет выявление их сильных и слабых сторон. Формализация метрик способствует стандартизации экспериментов, снижая влияние субъективных факторов и позволяя исследователям фокусироваться на улучшении конкретных аспектов генерации, таких как релевантность, когерентность и разнообразие текста. Кроме того, строгие метрики облегчают автоматизацию процесса оценки, что особенно важно при работе с большими объёмами данных и сложными моделями. В итоге, форм",89,0.0,-0.011766,0.716986,231.886166,False,generation_approach=segment_approximation | segment=early:bias=on | segment=rest:bias=off | delta_p0_mode=text_frequency_proxy | similarity_method=token_count_cosine | perplexity_method=control_bigram_proxy,length,"{""anglocentric_formulas"": {""count"": 0, ""normalized"": 0.0}, ""argument_development"": {""count"": 0, ""normalized"": 0.0}, ""hedging_epistemic"": {""count"": 0, ""normalized"": 0.0}, ""intensification_assertiveness"": {""count"": 0, ""normalized"": 0.0}, ""logical_structuring"": {""count"": 0, ""normalized"": 0.0}}",{}
p01__early__rep2,p01,early,2,2026-03-21T16:37:46.552419+00:00,gpt-4.1-mini,"Напиши краткое академическое объяснение того, почему строгая формализация метрик важна для исследований управляемой генерации текста.","Строгая формализация метрик в исследованиях управляемой генерации текста является ключевым элементом для объективной оценки качества и эффективности моделей. Без четко определённых и формализованныхметрик невозможно обеспечить сопоставимость результатов различных экспериментов и воспроизводимость исследований, что затрудняет выявление истинных преимуществ тех или иных подходов. Кроме того, формализация позволяет выявлять слабые стороны моделей и направлять дальнейшие улучшения, а также способствует автоматизации процесса оценки, снижая влияние субъективных факторов. В итоге, строгие метрики создают основу для системного развития управляемой генерации текста, обеспечивая надежные критерии для анализа и оптимизации алгоритмов.",83,0.0,-0.011766,0.658298,220.486202,False,generation_approach=segment_approximation | segment=early:bias=on | segment=rest:bias=off | delta_p0_mode=text_frequency_proxy | similarity_method=token_count_cosine | perplexity_method=control_bigram_proxy,stop,"{""anglocentric_formulas"": {""count"": 0, ""normalized"": 0.0}, ""argument_development"": {""count"": 0, ""normalized"": 0.0}, ""hedging_epistemic"": {""count"": 0, ""normalized"": 0.0}, ""intensification_assertiveness"": {""count"": 0, ""normalized"": 0.0}, ""logical_structuring"": {""count"": 0, ""normalized"": 0.0}}",{}
p01__mid__rep1,p01,mid,1,2026-03-21T16:37:50.636152+00:00,gpt-4.1-mini,"Напиши краткое академическое объяснение того, почему строгая формализация метрик важна для исследований управляемой генерации текста.","Строгая формализация метрик в исследованиях управляемой генерации текста играет ключевую роль, поскольку она обеспечивает объективную и воспроизводимую оценку качества и релевантности сгенерированного контента. Без четко определённых метрик сложно сравнивать результаты различных моделей и алгоритмов,что затрудняет выявление наиболее эффективных подходов и замедляет прогресс в области. Формализация также способствует выявлению слабостей и ограничений существующихметрик, что стимулирует разработку новых, более точных и адаптированных к специфике управляемой генерации инструментов оценки. Кроме того, формализованные метрики позволяют автоматизировать процесс тестирования и оптимизации моделей, что существенно повышает эффективность исследований и внедрения технологий в практические приложения. В итоге,",91,0.0,-0.011766,0.756644,204.065823,False,generation_approach=segment_approximation | segment=pre_mid:bias=off | segment=mid:bias=on | segment=post_mid:bias=off | delta_p0_mode=text_frequency_proxy | similarity_method=token_count_cosine | perplexity_method=control_bigram_proxy,length,"{""anglocentric_formulas"": {""count"": 0, ""normalized"": 0.0}, ""argument_development"": {""count"": 0, ""normalized"": 0.0}, ""hedging_epistemic"": {""count"": 0, ""normalized"": 0.0}, ""intensification_assertiveness"": {""count"": 0, ""normalized"": 0.0}, ""logical_structuring"": {""count"": 0, ""normalized"": 0.0}}",{}
p01__mid__rep2,p01,mid,2,2026-03-21T16:37:59.138868+00:00,gpt-4.1-mini,"Напиши краткое академическое объяснение того, почему строгая формализация метрик важна для исследований управляемой генерации текста.","Строгая формализация метрик в исследованиях управляемой генерации текста является ключевым элементом для объективной оценки качества и эффективности моделей. Без четко определённых и формализованных метрик сложно сравнивать различные методы, выявлять их сильные и слабые стороны, а также проводить репликацию экспериментов, что затрудняет развитие области в целом. Формализация метрик способствует стандартизации подходов, обеспечивая единые критерии для измерения такихаспектов, как релевантность, когерентность и разнообразие сгенерированного текста. Кроме того, формализованные метрики позволяют автоматизировать процесс оценки, что значительно ускоряет экспериментальную работу и снижает субъективность результатов. В итоге, строгая формализация метрик способствует более прозрачному",88,0.0,-0.011766,0.706311,227.097085,False,generation_approach=segment_approximation | segment=pre_mid:bias=off | segment=mid:bias=on | segment=post_mid:bias=off | delta_p0_mode=text_frequency_proxy | similarity_method=token_count_cosine | perplexity_method=control_bigram_proxy,length,"{""anglocentric_formulas"": {""count"": 0, ""normalized"": 0.0}, ""argument_development"": {""count"": 0, ""normalized"": 0.0}, ""hedging_epistemic"": {""count"": 0, ""normalized"": 0.0}, ""intensification_assertiveness"": {""count"": 0, ""normalized"": 0.0}, ""logical_structuring"": {""count"": 0, ""normalized"": 0.0}}",{}
p01__late__rep1,p01,late,1,2026-03-21T16:38:04.405406+00:00,gpt-4.1-mini,"Напиши краткое академическое объяснение того, почему строгая формализация метрик важна для исследований управляемой генерации текста.","Строгая формализация метрик в исследованиях управляемой генерации текста играет ключевую роль, поскольку она обеспечивает объективную и воспроизводимую оценку качества и релевантности сгенерированного контента. Без четко определённых и формализованных метрик невозможно систематически сравнивать различные модели и методы, что затрудняет выявление их сильных и слабых сторон. Более того, формализация способствует стандартизации исследований, упрощая интерпретацию результатов и их интеграцию в последующие работы. Это особенно важно в контексте управляемой генераемой генерации текста, где модели должны не только создавать связный и грамматически корректный текст, но и строго соответствовать заданным параметрам или условиям. Формализованные метрики позволяют количественно",91,0.0,-0.011766,0.720674,220.074955,False,generation_approach=segment_approximation | segment=pre_late:bias=off | segment=late:bias=on | delta_p0_mode=text_frequency_proxy | similarity_method=token_count_cosine | perplexity_method=control_bigram_proxy,length,"{""anglocentric_formulas"": {""count"": 0, ""normalized"": 0.0}, ""argument_development"": {""count"": 0, ""normalized"": 0.0}, ""hedging_epistemic"": {""count"": 0, ""normalized"": 0.0}, ""intensification_assertiveness"": {""count"": 0, ""normalized"": 0.0}, ""logical_structuring"": {""count"": 0, ""normalized"": 0.0}}",{}
p01__late__rep2,p01,late,2,2026-03-21T16:38:09.133613+00:00,gpt-4.1-mini,"Напиши краткое академическое объяснение того, почему строгая формализация метрик важна для исследований управляемой генерации текста.","Строгая формализация метрик в исследованиях управляемой генерации текста является ключевым элементом для объективной оценки качества и эффективности моделей. Без четко определённых и формализованных метрик сложно сравнивать результаты различных алгоритмов, что затрудняет выявление оптимальных подходов и прогресс в области. Формализация позволяет минимизировать субъективность оценки, обеспечивая воспроизводимость экспериментов и стандартизацию критериев, что особенно важно при работе с генеративными моделями, где качество текста может оцениваться по множеству параметров, таких как релевантность, когерентность и разнообразие. Кроме того, формализованные метрики способствуют автоматизации процесса оценки, что ускоряет цикл разработки и тестирования моделей. Это особенно актуально в условиях быстрого",92,0.0,-0.011766,0.760559,212.513685,False,generation_approach=segment_approximation | segment=pre_late:bias=off | segment=late:bias=on | delta_p0_mode=text_frequency_proxy | similarity_method=token_count_cosine | perplexity_method=control_bigram_proxy,length,"{""anglocentric_formulas"": {""count"": 0, ""normalized"": 0.0}, ""argument_development"": {""count"": 0, ""normalized"": 0.0}, ""hedging_epistemic"": {""count"": 0, ""normalized"": 0.0}, ""intensification_assertiveness"": {""count"": 0, ""normalized"": 0.0}, ""logical_structuring"": {""count"": 0, ""normalized"": 0.0}}",{}
p02__control__rep1,p02,control,1,2026-03-21T16:38:13.779110+00:00,gpt-4.1-mini,"Сформулируй аргументированное объяснение того, почему proof-of-concept эксперимент допустим как первый шаг в исследовании позиционного вмешательства в LLM.","Proof-of-concept (PoC) эксперимент является оправданным первым шагом в исследовании позиционного вмешательства в большие языковые модели (LLM) благодаря своей способности быстро и эффективно проверить основную гипотезу без значительных затрат ресурсов. Такой эксперимент позволяет выявить ключевые механизмы влияния позиционного кодирования на поведение модели, обеспечивая первоначальную верификацию идеи на ограниченном объёме данных и упрощённой архитектуре. Это снижает риски и помогает определить целесообразность дальнейших масштабных исследований. Кроме того, PoC способствует выявлению потенциальных проблем и ограничений подхода на ранней стадии, что важно для корректировки методологии и повышения качества последующих экспериментов. Таким образом, proof-of-concept эксперимент служит необходимой основой для систематического и",97,0.010309278350515464,0.000155,1.0,138.048627,False,generation_approach=segment_approximation | segment=full:bias=off | delta_p0_mode=text_frequency_proxy | similarity_method=token_count_cosine | perplexity_method=control_bigram_proxy,length,"{""anglocentric_formulas"": {""count"": 0, ""normalized"": 0.0}, ""argument_development"": {""count"": 0, ""normalized"": 0.0}, ""hedging_epistemic"": {""count"": 0, ""normalized"": 0.0}, ""intensification_assertiveness"": {""count"": 0, ""normalized"": 0.0}, ""logical_structuring"": {""count"": 1, ""normalized"": 0.010309278350515464}}","{""таким образом"": 1}"
p02__control__rep2,p02,control,2,2026-03-21T16:38:34.156586+00:00,gpt-4.1-mini,"Сформулируй аргументированное объяснение того, почему proof-of-concept эксперимент допустим как первый шаг в исследовании позиционного вмешательства в LLM.","Proof-of-concept (PoC) эксперимент является оправданным и необходимым первым шагом в исследовании позиционного вмешательства в большие языковые модели (LLM) благодаря своей способности быстро и эффективно проверить базовые гипотезы. Такой эксперимент позволяет исследователям оценить жизнеспособность идеи без значительных затрат ресурсов и времени, выявить потенциальные проблемы и определить ключевые параметры для дальнейших, более масштабных исследований. В контексте позиционного вмешательства PoC помогает понять, насколько изменение позиции входных данных влияет на поведение модели, что является фундаментальным для разработки более сложных методов улучшения качества генерации текста. Таким образом, PoC служит критическим этапом, обеспечивающим обоснованность и направленность последующих исследований, минимизируя риски и повышая эффективность научного процесса",100,0.01,-0.000155,1.0,136.484207,False,generation_approach=segment_approximation | segment=full:bias=off | delta_p0_mode=text_frequency_proxy | similarity_method=token_count_cosine | perplexity_method=control_bigram_proxy,length,"{""anglocentric_formulas"": {""count"": 0, ""normalized"": 0.0}, ""argument_development"": {""count"": 0, ""normalized"": 0.0}, ""hedging_epistemic"": {""count"": 0, ""normalized"": 0.0}, ""intensification_assertiveness"": {""count"": 0, ""normalized"": 0.0}, ""logical_structuring"": {""count"": 1, ""normalized"": 0.01}}","{""таким образом"": 1}"
p02__early__rep1,p02,early,1,2026-03-21T16:38:37.483295+00:00,gpt-4.1-mini,"Сформулируй аргументированное объяснение того, почему proof-of-concept эксперимент допустим как первый шаг в исследовании позиционного вмешательства в LLM.","Proof-of-concept (PoC) эксперимент является оправданным и необходимым первым шагом в исследовании позиционного вмешательства в большие языковые модели (LLM) благодаря своей способности быстро и эффективно оценвать базовую реализуемость и потенциальную эффективность предложенного подхода. Такой эксперимент позволяет выявить ключевые технические и методологические проблемы на ранней стадии, минимизируя затраты ресурсов и времени. Кроме того, PoC способствует формированию гипотез и направлений для более глубокого анализа, обеспечивая основу для последующих масштабных исследований и оптимизаций. В контексте позиционного вмешательства в LLM, где взаимодействие с моделью может быть сложным и многогранным, PoC помогает определить, насколько выбранные методы вмешательства способны влиять на поведение модели, прежде чем переход",100,0.0,-0.010155,0.729313,210.57204,False,generation_approach=segment_approximation | segment=early:bias=on | segment=rest:bias=off | delta_p0_mode=text_frequency_proxy | similarity_method=token_count_cosine | perplexity_method=control_bigram_proxy,length,"{""anglocentric_formulas"": {""count"": 0, ""normalized"": 0.0}, ""argument_development"": {""count"": 0, ""normalized"": 0.0}, ""hedging_epistemic"": {""count"": 0, ""normalized"": 0.0}, ""intensification_assertiveness"": {""count"": 0, ""normalized"": 0.0}, ""logical_structuring"": {""count"": 0, ""normalized"": 0.0}}",{}
p02__early__rep2,p02,early,2,2026-03-21T16:38:42.380427+00:00,gpt-4.1-mini,"Сформулируй аргументированное объяснение того, почему proof-of-concept эксперимент допустим как первый шаг в исследовании позиционного вмешательства в LLM.","Proof-of-concept (PoC) эксперимент является оправданным первым шагом в исследовании позиционного вмешательства в большие языковые модели (LLM) благодаря своей способности быстро и эффективно проверить базовые гипотезы и выявить потенциальные проблемы без значительных затрат ресурсов и времени. Такой подход позволяет исследователям сосредоточиться на ключевых аспектах вмешательства, оценить его влияние на поведение модели и определить целесообразность дальнейших, более масштабных экспериментов. Кроме того, PoC эксперименты способствуют формированию первоначальных данных и инсайтов, которые могут быть использованы для оптимизации методологии и повышения точности последующих исследований. В контексте LLM, где сложность моделей и объем данных велики, PoC обеспечивает баланс между инновациями и практичностью, миним",98,0.0,-0.010155,0.755589,200.637571,False,generation_approach=segment_approximation | segment=early:bias=on | segment=rest:bias=off | delta_p0_mode=text_frequency_proxy | similarity_method=token_count_cosine | perplexity_method=control_bigram_proxy,length,"{""anglocentric_formulas"": {""count"": 0, ""normalized"": 0.0}, ""argument_development"": {""count"": 0, ""normalized"": 0.0}, ""hedging_epistemic"": {""count"": 0, ""normalized"": 0.0}, ""intensification_assertiveness"": {""count"": 0, ""normalized"": 0.0}, ""logical_structuring"": {""count"": 0, ""normalized"": 0.0}}",{}
p02__mid__rep1,p02,mid,1,2026-03-21T16:38:47.737991+00:00,gpt-4.1-mini,"Сформулируй аргументированное объяснение того, почему proof-of-concept эксперимент допустим как первый шаг в исследовании позиционного вмешательства в LLM.","Proof-of-concept (PoC) эксперимент является оправданным первым шагом в исследовании позиционного вмешательства в большие языковые модели (LLM) благодаря своей способности быстро и эффективно проверить основную гипотезу без значительных затрат ресурсов. Такой эксперимент позволяет выявить ключевые механизмы влияния позиционных кодировокна поведение модели, что важно для дальнейшей оптимизации и масштабирования методов вмешательства. Кроме того, PoC демонстрирует практическую реализуемость концепции, что способствует привлечению внимания научного сообщества и инвесторов, а также формирует основу для более глубоких и комплексных исследований. В условиях ограниченного времени и ресурсов PoC помогает минимизировать риски, выявляя потенциальные проблемы и ограничения на ранних этапах, что повышает общую эффективность исследовательского процесса",99,0.0,-0.010155,0.716189,204.095089,False,generation_approach=segment_approximation | segment=pre_mid:bias=off | segment=mid:bias=on | segment=post_mid:bias=off | delta_p0_mode=text_frequency_proxy | similarity_method=token_count_cosine | perplexity_method=control_bigram_proxy,length,"{""anglocentric_formulas"": {""count"": 0, ""normalized"": 0.0}, ""argument_development"": {""count"": 0, ""normalized"": 0.0}, ""hedging_epistemic"": {""count"": 0, ""normalized"": 0.0}, ""intensification_assertiveness"": {""count"": 0, ""normalized"": 0.0}, ""logical_structuring"": {""count"": 0, ""normalized"": 0.0}}",{}
p02__mid__rep2,p02,mid,2,2026-03-21T16:38:53.038969+00:00,gpt-4.1-mini,"Сформулируй аргументированное объяснение того, почему proof-of-concept эксперимент допустим как первый шаг в исследовании позиционного вмешательства в LLM.","Proof-of-concept (PoC) эксперимент является оправданным первым шагом в исследовании позиционного вмешательства в большие языковые модели (LLM) благодаря своей способности быстро и эффективно проверить базовые гипотезы. Такой эксперимент позволяет исследователям оценить жизнеспособность концепции без значительных затрат ресурсов и времени,что особенно важно в условиях высокой вычислительной сложности и масштабности LLM. Кроме того, PoC эксперимент способствует выявлению потенциальных технических и методологических проблем наранних этапах, что позволяет скорректировать подходы и повысить качество последующих исследований. Это способствует формированию более обоснованных и целенаправленных экспериментов, минимизируя риски и неопределённость. В итоге, proof-of-concept служит фундаментом для более глубокого и систем",95,0.0,-0.010155,0.731132,196.093472,False,generation_approach=segment_approximation | segment=pre_mid:bias=off | segment=mid:bias=on | segment=post_mid:bias=off | delta_p0_mode=text_frequency_proxy | similarity_method=token_count_cosine | perplexity_method=control_bigram_proxy,length,"{""anglocentric_formulas"": {""count"": 0, ""normalized"": 0.0}, ""argument_development"": {""count"": 0, ""normalized"": 0.0}, ""hedging_epistemic"": {""count"": 0, ""normalized"": 0.0}, ""intensification_assertiveness"": {""count"": 0, ""normalized"": 0.0}, ""logical_structuring"": {""count"": 0, ""normalized"": 0.0}}",{}
p02__late__rep1,p02,late,1,2026-03-21T16:38:58.380443+00:00,gpt-4.1-mini,"Сформулируй аргументированное объяснение того, почему proof-of-concept эксперимент допустим как первый шаг в исследовании позиционного вмешательства в LLM.","Proof-of-concept (PoC) эксперимент является оправданным первым шагом в исследовании позиционного вмешательства в большие языковые модели (LLM) благодаря своей способности быстро и эффективно проверить основную гипотезу без значительных затрат ресурсов. Такой эксперимент позволяет выявить жизнеспособность идеи, оценить базовые эффекты и определить потенциальные проблемы на ранней стадии, что снижает риски при дальнейшем масштабировании. Кроме того, PoC способствует формированию первоначальных данных, которые необходимы для обоснования более глубоких и комплексных исследований, а также для привлечения финансирования и поддержки. В контексте позиционного вмешательства в LLM, где сложность моделей и объем данных могут затруднять быстрые итерации, PoC эксперимент обеспечивает возможность сфокусироваться на ключевых механизмах влия",100,0.0,-0.010155,0.724953,201.337801,False,generation_approach=segment_approximation | segment=pre_late:bias=off | segment=late:bias=on | delta_p0_mode=text_frequency_proxy | similarity_method=token_count_cosine | perplexity_method=control_bigram_proxy,length,"{""anglocentric_formulas"": {""count"": 0, ""normalized"": 0.0}, ""argument_development"": {""count"": 0, ""normalized"": 0.0}, ""hedging_epistemic"": {""count"": 0, ""normalized"": 0.0}, ""intensification_assertiveness"": {""count"": 0, ""normalized"": 0.0}, ""logical_structuring"": {""count"": 0, ""normalized"": 0.0}}",{}
p02__late__rep2,p02,late,2,2026-03-21T16:39:02.989619+00:00,gpt-4.1-mini,"Сформулируй аргументированное объяснение того, почему proof-of-concept эксперимент допустим как первый шаг в исследовании позиционного вмешательства в LLM.","Proof-of-concept (PoC) эксперимент является оправданным первым шагом в исследовании позиционного вмешательства в большие языковые модели (LLM) благодаря своей способности быстро и эффективно проверять основные гипотезы. Такой эксперимент позволяет выявить ключевые механизмы влияния позиционного кодирования на поведение модели без необходимости сразу разрабатывать сложные и ресурсоёмкие методы. PoC помогает определить, насколько выбранный подход перспективен и какие аспекты требуют доработки, что снижает риски и экономит время на последующих этапах исследования. Кроме того, PoC обеспечивает эмпирическую базудля обоснования дальнейших экспериментов и публикаций, демонстрируя практическую применимость концепции. В контексте позиционного вмешательства в LLM, где взаимодействие между позиционной",93,0.0,-0.010155,0.67585,201.881354,False,generation_approach=segment_approximation | segment=pre_late:bias=off | segment=late:bias=on | delta_p0_mode=text_frequency_proxy | similarity_method=token_count_cosine | perplexity_method=control_bigram_proxy,length,"{""anglocentric_formulas"": {""count"": 0, ""normalized"": 0.0}, ""argument_development"": {""count"": 0, ""normalized"": 0.0}, ""hedging_epistemic"": {""count"": 0, ""normalized"": 0.0}, ""intensification_assertiveness"": {""count"": 0, ""normalized"": 0.0}, ""logical_structuring"": {""count"": 0, ""normalized"": 0.0}}",{}
p03__control__rep1,p03,control,1,2026-03-21T16:39:07.834442+00:00,gpt-4.1-mini,"Напиши краткий аналитический фрагмент о том, почему позиция применения logit bias может влиять на дискурсивную организацию ответа сильнее, чем сама интенсивность вмешательства.","Позиция применения logit bias в процессе генерации текста оказывает более значимое влияние на дискурсивную организацию ответа, чем интенсивность вмешательства, поскольку она определяет контекстуальную направленность и структурное размещение ключевых элементов внутри высказывания. Введение bias в начале или середине генерации формирует каркас смыслового потока, задавая тон и логику последующего развития мысли, тогда как изменение интенсивности лишь усиливает или ослабляет уже заданные смысловые акценты. Таким образом, позиция bias влияет на когерентность и связность дискурса, определяя, какие идеи будут развиты и как они будут связаны между собой, в то время как интенсивность воздействует преимущественно на степень выраженности этих идей без существенного изменения их организационной",100,0.01,5e-05,1.0,141.796427,False,generation_approach=segment_approximation | segment=full:bias=off | delta_p0_mode=text_frequency_proxy | similarity_method=token_count_cosine | perplexity_method=control_bigram_proxy,length,"{""anglocentric_formulas"": {""count"": 0, ""normalized"": 0.0}, ""argument_development"": {""count"": 0, ""normalized"": 0.0}, ""hedging_epistemic"": {""count"": 0, ""normalized"": 0.0}, ""intensification_assertiveness"": {""count"": 0, ""normalized"": 0.0}, ""logical_structuring"": {""count"": 1, ""normalized"": 0.01}}","{""таким образом"": 1}"
p03__control__rep2,p03,control,2,2026-03-21T16:39:10.769961+00:00,gpt-4.1-mini,"Напиши краткий аналитический фрагмент о том, почему позиция применения logit bias может влиять на дискурсивную организацию ответа сильнее, чем сама интенсивность вмешательства.","Позиция применения logit bias в процессе генерации текста оказывает более значительное влияние на дискурсивную организацию ответа, чем интенсивность вмешательства, поскольку она определяет, на каком этапе формирования последовательности слов происходит корректировка вероятностей. Если bias вводится на ранних шагах, он задаёт направление развития дискурса, формируя ключевые темы и структурные элементы, что влияет на общую когерентность и логическую связность текста. В отличие от этого, высокая интенсивность вмешательства, применённая на поздних этапах, может лишь локально корректировать выбор слов, не меняя фундаментальную организацию дискурса. Таким образом, позиционная характеристика bias важнее для структурирования и смысловой целостности ответа, чем степень его силы, поскольку она задаёт базис для дальнейшего",101,0.009900990099009901,-5e-05,1.0,139.725548,False,generation_approach=segment_approximation | segment=full:bias=off | delta_p0_mode=text_frequency_proxy | similarity_method=token_count_cosine | perplexity_method=control_bigram_proxy,length,"{""anglocentric_formulas"": {""count"": 0, ""normalized"": 0.0}, ""argument_development"": {""count"": 0, ""normalized"": 0.0}, ""hedging_epistemic"": {""count"": 0, ""normalized"": 0.0}, ""intensification_assertiveness"": {""count"": 0, ""normalized"": 0.0}, ""logical_structuring"": {""count"": 1, ""normalized"": 0.009900990099009901}}","{""таким образом"": 1}"
p03__early__rep1,p03,early,1,2026-03-21T16:39:14.518791+00:00,gpt-4.1-mini,"Напиши краткий аналитический фрагмент о том, почему позиция применения logit bias может влиять на дискурсивную организацию ответа сильнее, чем сама интенсивность вмешательства.","Позиция применения logit bias в процессе генерации текста оказывает более значимое влияние на дискурсивную организацию ответа, чем интенсивность вмешательства, поскольку она определяет контекстуальную направленленность модели на конкретном этапе формирования высказывания. В отличие от интенсивности, которая лишь усиливает или ослабляет влияние bias, позиция его внедрения способна изменить семантические и прагматические связи между частями текста, формируя структуру аргументации и логику изложения. Таким образом, даже слабое вмешательство, применённое в ключевой точке дискурса, может кардинально изменить ход рассуждения, тогда как сильное воздействие вне контекста зачастую приводит лишь к поверхностным изменениям стиля или лексики без существенного влияния",92,0.010869565217391304,0.000919,0.591678,222.72411,False,generation_approach=segment_approximation | segment=early:bias=on | segment=rest:bias=off | delta_p0_mode=text_frequency_proxy | similarity_method=token_count_cosine | perplexity_method=control_bigram_proxy,length,"{""anglocentric_formulas"": {""count"": 0, ""normalized"": 0.0}, ""argument_development"": {""count"": 0, ""normalized"": 0.0}, ""hedging_epistemic"": {""count"": 0, ""normalized"": 0.0}, ""intensification_assertiveness"": {""count"": 0, ""normalized"": 0.0}, ""logical_structuring"": {""count"": 1, ""normalized"": 0.010869565217391304}}","{""таким образом"": 1}"
p03__early__rep2,p03,early,2,2026-03-21T16:39:19.346005+00:00,gpt-4.1-mini,"Напиши краткий аналитический фрагмент о том, почему позиция применения logit bias может влиять на дискурсивную организацию ответа сильнее, чем сама интенсивность вмешательства.","Позиция применения logit bias в генеративных моделях существенно влияет на дискурсивную организацию ответа, зачастую сильнее, чем интенсивность самого вмешательства. Это связано с особенностями обработки информацииПозиция применения logit bias в генеративных моделях существенно влияет на дискурсивную организацию ответа, зачастую сильнее, чем интенсивность самого вмешательства. Это связано с особенностями обработки информации моделью: смещение вероятностей на ранних этапах генерации задаёт направление и контекст последующего текста, формируя структуру и логику высказывания. В отличие от увеличения силы bias, которое может лишь усиливать уже заданное направление, изменение позиции вмешательства способно кардинально изменить ход рассуждения, приводя к различным тематическим акцентам и связности. Таким образом",97,0.010309278350515464,0.000359,0.54004,243.615771,False,generation_approach=segment_approximation | segment=early:bias=on | segment=rest:bias=off | delta_p0_mode=text_frequency_proxy | similarity_method=token_count_cosine | perplexity_method=control_bigram_proxy,length,"{""anglocentric_formulas"": {""count"": 0, ""normalized"": 0.0}, ""argument_development"": {""count"": 0, ""normalized"": 0.0}, ""hedging_epistemic"": {""count"": 0, ""normalized"": 0.0}, ""intensification_assertiveness"": {""count"": 0, ""normalized"": 0.0}, ""logical_structuring"": {""count"": 1, ""normalized"": 0.010309278350515464}}","{""таким образом"": 1}"
p03__mid__rep1,p03,mid,1,2026-03-21T16:39:24.202900+00:00,gpt-4.1-mini,"Напиши краткий аналитический фрагмент о том, почему позиция применения logit bias может влиять на дискурсивную организацию ответа сильнее, чем сама интенсивность вмешательства.","Позиция применения logit bias в процессе генерации текста оказывает более значительное влияние на дискурсивную организацию ответа, чем интенсивность вмешательства, поскольку она определяет контекстуальную направленность и структурное размещение ключевых элементов внутри высказывания. Введение смещения на ранних этапах генерацииПозднее применение logit bias, даже при высокой интенсивности, может лишь частично корректировать уже сформированную структуру, не изменяя фундаментальных логическихлогических связей и тематической последовательности. Таким образом, позиция вмешательства задаёт рамки для дальнейшего развития дискурса, формируя основу для когерентного и связного изложения мыслей. В отличие от этого, интенсивность воздействия влияет преимущественно на степень выраженности конкретных лексических или сем",92,0.010869565217391304,0.000919,0.624736,201.559424,False,generation_approach=segment_approximation | segment=pre_mid:bias=off | segment=mid:bias=on | segment=post_mid:bias=off | delta_p0_mode=text_frequency_proxy | similarity_method=token_count_cosine | perplexity_method=control_bigram_proxy,length,"{""anglocentric_formulas"": {""count"": 0, ""normalized"": 0.0}, ""argument_development"": {""count"": 0, ""normalized"": 0.0}, ""hedging_epistemic"": {""count"": 0, ""normalized"": 0.0}, ""intensification_assertiveness"": {""count"": 0, ""normalized"": 0.0}, ""logical_structuring"": {""count"": 1, ""normalized"": 0.010869565217391304}}","{""таким образом"": 1}"
p03__mid__rep2,p03,mid,2,2026-03-21T16:39:30.378494+00:00,gpt-4.1-mini,"Напиши краткий аналитический фрагмент о том, почему позиция применения logit bias может влиять на дискурсивную организацию ответа сильнее, чем сама интенсивность вмешательства.","Позиция применения logit bias в процессе генерации текста оказывает более значительное влияние на дискурсивную организацию ответа, чем интенсивность вмешательства, поскольку она определяет, на каком этапе формирования последовательности слов происходит корректировка вероятностей. Если bias вводится на ранних шагах, это задаёт направление развития дискурсаи формирует основу для последующего построения смысловых связей, что существенно влияет на структуру и логику изложения. В то время как интенсивность вмешательства лишь усиливает или ослабляет выбранное направление, не меняя фундаментальных принципов организации текста. Таким образом, позиция bias задаёт ключевые ориентиры для построения аргументации и тематического развития, тогда как интенсивность влияет преимущественно на степень выраженности этих ориентиров. Это объясняет, почему даже",102,0.00980392156862745,-0.000147,0.721007,190.24936,False,generation_approach=segment_approximation | segment=pre_mid:bias=off | segment=mid:bias=on | segment=post_mid:bias=off | delta_p0_mode=text_frequency_proxy | similarity_method=token_count_cosine | perplexity_method=control_bigram_proxy,length,"{""anglocentric_formulas"": {""count"": 0, ""normalized"": 0.0}, ""argument_development"": {""count"": 0, ""normalized"": 0.0}, ""hedging_epistemic"": {""count"": 0, ""normalized"": 0.0}, ""intensification_assertiveness"": {""count"": 0, ""normalized"": 0.0}, ""logical_structuring"": {""count"": 1, ""normalized"": 0.00980392156862745}}","{""таким образом"": 1}"
p03__late__rep1,p03,late,1,2026-03-21T16:39:36.533374+00:00,gpt-4.1-mini,"Напиши краткий аналитический фрагмент о том, почему позиция применения logit bias может влиять на дискурсивную организацию ответа сильнее, чем сама интенсивность вмешательства.","Позиция применения logit bias в процессе генерации текста оказывает более значительное влияние на дискурсивную организацию ответа, чем интенсивность вмешательства, поскольку она определяет контекстуальную направленность и структурное размещение ключевых элементов внутри высказывания. Введение смещения на ранних этапах генерации формирует основу для последующего развития мысли, задавая тон и логическую последовательность, тогда как увеличение интенсивности bias на более поздних этапах может лишь усилить отдельные фрагменты без существенного изменения общей структуры. Таким образом, позиционное размещение bias влияет на когерентТаким образом, позиционное размещение bias влияет на когерентность и связность текста, обеспечивая более органичное включение заданных элементов в дискурс. Это позволяет формировать ответы, которые",98,0.01020408163265306,0.000254,0.678564,192.291849,False,generation_approach=segment_approximation | segment=pre_late:bias=off | segment=late:bias=on | delta_p0_mode=text_frequency_proxy | similarity_method=token_count_cosine | perplexity_method=control_bigram_proxy,length,"{""anglocentric_formulas"": {""count"": 0, ""normalized"": 0.0}, ""argument_development"": {""count"": 0, ""normalized"": 0.0}, ""hedging_epistemic"": {""count"": 0, ""normalized"": 0.0}, ""intensification_assertiveness"": {""count"": 0, ""normalized"": 0.0}, ""logical_structuring"": {""count"": 1, ""normalized"": 0.01020408163265306}}","{""таким образом"": 1}"
p03__late__rep2,p03,late,2,2026-03-21T16:39:40.763392+00:00,gpt-4.1-mini,"Напиши краткий аналитический фрагмент о том, почему позиция применения logit bias может влиять на дискурсивную организацию ответа сильнее, чем сама интенсивность вмешательства.","Позиция применения logit bias в генеративных моделях существенно влияет на дискурсивную организацию ответа, поскольку она определяет контекстуальную направленность и структуру высказывания на уровне семантических связей и логической последовательности. В отличие от интенсивности вмешательства, которая лишь количественно изменяет вес определённых токенов, позиционная настройка задаёт качественные рамки, в которых формируется смысловой каркас текста. Это обусловлено тем, что дискурс строится не просто из набора слов, а из их взаимного расположения и функции в предложении,определяющей когерентность и связность высказывания. Следовательно, смещение bias в ключевых позициях текста может привести к существенным изменениям в логической структуре и темат",93,0.010752688172043012,0.000802,0.496856,260.557277,False,generation_approach=segment_approximation | segment=pre_late:bias=off | segment=late:bias=on | delta_p0_mode=text_frequency_proxy | similarity_method=token_count_cosine | perplexity_method=control_bigram_proxy,length,"{""anglocentric_formulas"": {""count"": 0, ""normalized"": 0.0}, ""argument_development"": {""count"": 0, ""normalized"": 0.0}, ""hedging_epistemic"": {""count"": 0, ""normalized"": 0.0}, ""intensification_assertiveness"": {""count"": 0, ""normalized"": 0.0}, ""logical_structuring"": {""count"": 1, ""normalized"": 0.010752688172043012}}","{""следовательно"": 1}"
